2,Evil      ,583924167947651283216783594659437812138296745472815639795148326864372951321569478,111111000110101111111100011101111110110010011011111101110001111111101011000111111
3,Easy      ,918745632532619784647283915286534179394178256751926843169457328825361497473892561,001011111100010101110101011100101001011111110100101001110101011101010001111110100
4,Easy      ,294786135368159742517234968651827493749365281832941657423678519186592374975413826,111110010011010100101101101001101100110111011001101100101101101001010110010011111
5,Easy      ,791632845586741239423985617617528394239417586854396172942153768375864921168279453,010010011101101111001010110001111110110010011011111100011010100111101101110010010
6,Easy      ,497561832835927146126483597759318624614279358382645719241736985963852471578194263,100010011011101111001010101001111101110010011101111100101010100111101110110010001
7,Easy      ,173924865426581793589367421761235984248619357935478612894752136612843579357196248,101101111001010110010010011001111110110010011011111100110010010011010100111101101
8,Easy      ,834579162562148793791632854216987435485326917973451286649713528127865349358294671,001010101100010011011101111001111101110010011101111100111101110110010001101010100
9,Easy      ,692715483153428796847936251285361974374589612961274538539842167418697325726153849,011010010110101011111110100010101010101111101010101010001011111110101011010010110
10,Easy      ,784152963526839471139467852471923685852674139693581247945316728268795314317248596,010010110100010011101101111100111011011010110110111001111101101110010001011010010
11,Easy      ,149352678263178954785649321321984567678523149594761832856297413412836795937415286,101101111010010110100010011100111011011010110110111001110010001011010010111101101
12,Easy      ,498657321761234895523819674947381562835962147216745983384576219679123458152498736,011101110010010011100011111010101010101111101010101010111110001110010010011101110
13,Easy      ,612987435579634281438215679986571324741328956253496817127849563895763142364152798,110101011100010101001011111100101001011111110100101001111110100101010001110101011
14,Easy      ,392471856518629374467538219653187492789243165241956783926714538135862947874395621,100011111010010011011101110010101010101111101010101010011101110110010010111110001
15,Easy      ,712468593965123874348759612476382159829516347153947268634875921281694735597231486,101101101010011111100010011100101001011111110100101001110010001111110010101101101
16,Easy      ,924175863563829147871346925348567219697214358152938476289751634435682791716493582,001011111100010101110101011100101001011111110100101001110101011101010001111110100
17,Easy      ,934186527712953648586274319627891435143567892895432761268749153359618274471325986,111110100110101011011010010010101010101111101010101010010010110110101011001011111
18,Easy      ,356147289927856314481932675614598723872364591593721468239685147748213956165479832,011010010111110100110101011010101010101111101010101010110101011001011111010010110
19,Easy      ,857396421649125873321748596195682347768534912234971685483267159912453768576819234,011010100111101101110010010011111100110010011001111110010010011101101111001010110
20,Easy      ,124837956657194238839526714746352891395618427218479365573941682982765143461283579,100010101110101011001011111100101001011111110100101001111110100110101011101010001
21,Easy      ,649857321517239486328416975184963752736521849952748613875392164263174598491685237,001010110010011111101101101001101100110111011001101100101101101111110010011010100
22,Easy      ,485927316237561489916834257894176532572348691361259874128693745753412968649785123,001010110100010101110101111100111101011010110101111001111101011101010001011010100
23,Easy      ,517492368824631597369578124791356482683249751452817639976125843238764915145983276,111101011101010001011010100101111001011010110100111101001010110100010101110101111
24,Easy      ,936547821412398675578162439287954316695713284143286957364875192721439568859621743,001011111010010110110101011010101010101111101010101010110101011011010010111110100
25,Easy      ,214735698798164352563982471176248935485396217932517864849651723357829146621473589,100010011101101101010011111100101001011111110100101001111110010101101101110010001
26,Easy      ,948273156623415789571986432367129845185764923492538671716852394239647518854391267,001010101110101111010010110010111110101010101011111010011010010111101011101010100
27,Easy      ,863715924174239658952486173395827461681354297247691385729543816416978532538162749,001010101100010011011101111001111101110010011101111100111101110110010001101010100
28,Easy      ,473591682659842317812637459124385976937416528568729134285164793796253841341978265,100010101001010110110101111100111101011010110101111001111101011011010100101010001
29,Easy      ,342176958786954132951382674479625381263418597815739426128563749597841263634297815,110010001111101101011010010110111001011010110100111011010010110101101111100010011
30,Easy      ,648293157213758946759416823836541792594627318127389564485932671362175489971864235,110101011100010101001011111100101001011111110100101001111110100101010001110101011
31,Easy      ,987265143352941867641738259138654972769182435425397681874529316593416728216873594,111110001101010100011101110001101100110111011001101100011101110001010101100011111
32,Easy      ,418956273932174586657328149385642791146897352279513468523789614794261835861435927,011010010101010100111101011011111010101010101010111110110101111001010101010010110
33,Easy      ,621349875357281496894567123976814532538972641412635789745123968289756314163498257,110010010111110001011101110010101010101111101010101010011101110100011111010010011
34,Easy      ,639871452827564913514293678256147839743986125981352746165429387392718564478635291,100011111011101110010010011010101010101111101010101010110010010011101110111110001
35,Easy      ,856374912217958364349261758478615239963842175125793846682437591791586423534129687,110101011101010001111110100100101001011111110100101001001011111100010101110101011
36,Easy      ,958761423614253978723489615342196857897532146165874392436927581281645739579318264,001010101011101111100010011001111101110010011101111100110010001111101110101010100
37,Easy      ,629715483875934621413862975597246318348157296261389547184523769956478132732691854,011101111100010011001010101001111101110010011101111100101010100110010001111101110
38,Easy      ,123684597465379128789215634836541972914728365572963481241896753658437219397152846,101101101001010110010011111001101100110111011001101100111110010011010100101101101
39,Easy      ,291375486387416259654289713569741832748623195132958674813564927475892361926137548,100010011010011111101101101100101001011111110100101001101101101111110010110010001
40,Easy      ,218976534973415826645823197731298645826541973459637281562784319394162758187359462,011010010111101101110010001110111001011010110100111011100010011101101111010010110
41,Easy      ,741983625329645187658712943235198476194367852876524319563871294487239561912456738,010011111101101101100010011100101001011111110100101001110010001101101101111110010
42,Easy      ,842593167315867942796241358261734895573189624489652731624918573157326489938475216,110010010011010100111101101011111100110010011001111110101101111001010110010010011
43,Easy      ,146529738357814962829763514738942651514637829692158473971286345283475196465391287,100010011010010110101101111100111011011010110110111001111101101011010010110010001
44,Easy      ,635714829429368751781952634158673942346295178972481365897546213264139587513827496,011010100101010001111101011101111001011010110100111101110101111100010101001010110
45,Easy      ,328461759974358216516792483197634825482519367653287194761923548835146972249875631,111110010101101101011010100001101100110111011001101100001010110101101101010011111
46,Easy      ,261453978578629134493187652726841395139572486854936721912365847687294513345718269,101101101011010100111110010001101100110111011001101100010011111001010110101101101
47,Easy      ,137285496896714253254963187381679542649528371572431869465192738918357624723846915,111101110110010001101010100101111100110010011001111101001010101100010011011101111
48,Easy      ,938416257745283196612795384257631849384957612169842573876129435521374968493568721,001010110010010011101101111001111110110010011011111100111101101110010010011010100
49,Easy      ,716893425432567198598214367863749512274351689951628743145972836327486951689135274,111101101011010100110010010011111100110010011001111110010010011001010110101101111
50,Easy      ,679382541254716983318459726125843679983671254467925138531264897742198365896537412,011010100111101101110010010011111100110010011001111110010010011101101111001010110
51,Medium    ,937812546682954317145736289851427963479361825263589471516243798728695134394178652,010101101100110110001001111111010110101111101011010111111100100011011001101101010
52,Medium    ,563789421984162357721534689839471265415326978276895134352947816647218593198653742,100110110010101101001111111110010110100111001011010011111111100101101010011011001
53,Easy      ,285649713749513862361278495628391547954782136173456289432167958597834621816925374,001010101010010110110101111010111110101010101011111010111101011011010010101010100
54,Medium    ,689132547521647893374589162167293458843715926295468371738956214452871639916324785,101011010111100100011101001101010111011111110111010101100101110001001111010110101
55,Easy      ,153897264697412358824365791712659843468723915935184627376241589249538176581976432,101010100011101110111110001001101100110111011001101100100011111011101110001010101
56,Medium    ,354921867269873154718546923572439618893615472641287395127398546936754281485162739,100101110001111111010110101110010101010111010101010011101011010111111100011101001
57,Medium    ,961423578843957621275168349452731986719682435386549712528376194134895267697214853,010101101100110110001001111111010110101111101011010111111100100011011001101101010
58,Medium    ,793182546851469372246375198487623951132954687965718234614597823578231469329846715,001111111010110101100101110110010101010111010101010011011101001101011010111111100
59,Medium    ,715284639682937541943516287891345726524769318376128495239671854168452973457893162,001111111100110110010101101110010110100111001011010011101101010011011001111111100
60,Medium    ,532187649918654237746932581653241798291875463487369125164793852829516374375428916,010001111001101011100110110111010110110111011011010111011011001110101100111100010
61,Medium    ,691478253274513869385962147726195384958234671143687592537829416462751938819346725,100001111010110101001101011111010101110111011101010111110101100101011010111100001
62,Medium    ,974236851568971432231854769783569124629418375145723986317692548852147693496385217,100111111010101101001110011011010011001111100110010110110011100101101010111111001
63,Medium    ,879453162526871943341926578912648357437592816685137429163284795258719634794365281,011101001110011100111100010110010111011111110111010011010001111001110011100101110
64,Medium    ,469581273578243619312796845791625438283479156645138927136952784827364591954817362,101011010011101001111100100101010111011111110111010101001001111100101110010110101
65,Medium    ,841673259923845671756921348264759183589316427137284965678132594395467812412598736,001110011100111111010101101011010011001111100110010110101101010111111001110011100
66,Medium    ,841375629523496178769812345492638751315749286678251934987124563256983417134567892,011101001111100100101011010101010111011111110111010101010110101001001111100101110
67,Medium    ,315276984689451732472839516853192467124763895967584123741328659298645371536917248,001001111100110110010101101111010110101111101011010111101101010011011001111100100
68,Medium    ,498325761563917248127486395231754689974862513856139427612578934345691872789243156,001101011010110101100001111111010101110111011101010111111100001101011010110101100
69,Medium    ,659713284823649715471825963132476859567398421984152376745981632318264597296537148,100101110010110101001001111111010101011111110101010111111100100101011010011101001
70,Medium    ,148793265627154893395268741951342678273685914864917532589436127736521489412879356,001110011100101110010001111111010011011111110110010111111100010011101001110011100
71,Medium    ,768243195321597846594186327642371589975428631183659472439715268217864953856932714,101101010011011001111111100011010011100111001110010110001111111100110110010101101
72,Medium    ,769143528123587964854296317698721453571834296432965871916458732385672149247319685,001101011100111111010110101011010101010111010101010110101011010111111001110101100
73,Medium    ,478923651621745389593618427814269735956837214732154896349586172265371948187492563,100110110001001111010101101111010110101111101011010111101101010111100100011011001
74,Medium    ,716528349328947615594631827632819754859473162147265983485396271273184596961752438,100110110010001111001101011111010110110111011011010111110101100111100010011011001
75,Medium    ,649271385523846917817935426285697134734182569961354278458713692396428751172569843,101011010110101100111111001101010110010111010011010101100111111001101011010110101
76,Medium    ,361925874927384156458671923842536719596217348173849265735168492684792531219453687,010111111100110110001101011101010110100111001011010101110101100011011001111111010
77,Medium    ,263581479951473682874926351586139724437852916129647538718394265395268147642715893,101101010110011100111111001110010110001111100011010011100111111001110011010101101
78,Medium    ,184763259253149687796528341465231798317895462928476513649317825572984136831652974,100111111001101011010110101011010101010111010101010110101011010110101100111111001
79,Medium    ,146538297895726341372914658214695873567283419983147562451372986728469135639851724,100101110001111111010110101110010101010111010101010011101011010111111100011101001
80,Medium    ,612834579387915642495627318723169854946758123851243796539476281278391465164582937,001001111100110110010101101111010110101111101011010111101101010011011001111100100
81,Medium    ,578134926649782135321965478763851249915247863284396517152678394436519782897423651,100101110010110101001111111110010101010111010101010011111111100101011010011101001
82,Medium    ,834695721197842635526317984961758243378429516452163897685231479219574368743986152,001101011100001111010110101111010101110111011101010111101011010111100001110101100
83,Medium    ,271486359538972614469153827314628795857349162926517438695734281783291546142865973,101011010110101100111100001101010111110111011111010101100001111001101011010110101
84,Medium    ,769182534258463791413579268945326187687941352132758946371894625524637819896215473,101101010110011100111100001110010111101111101111010011100001111001110011010101101
85,Medium    ,146279538875346291932851746627913485581724963394685172213467859759138624468592317,110101100111111010011011001011010101100111001101010110100110110010111111001101011
86,Medium    ,785139462412567893963842571159726348346958217278314659694281735521673984837495126,111100100011011001101101010011010111101111101111010110010101101100110110001001111
87,Medium    ,694837251572461983183259476865312794421798365739546128348975612217683549956124837,010110101001111111100101110110010101010111010101010011011101001111111100101011010
88,Medium    ,935817462478623195621594378392168754864375219517249836146752983789436521253981647,100110110001101011010001111111010110110111011011010111111100010110101100011011001
89,Medium    ,673129548814573629925648317596817234742365891138294756281456973357981462469732185,111111001110011100101101010110010110001111100011010011010101101001110011100111111
90,Medium    ,642895713587231946931647285273186594854923671169754832396472158715368429428519367,011101001111100010110011100110010111011111110111010011001110011010001111100101110
91,Medium    ,914367852368259714572481936756834129439712685281695473627548391893126547145973268,001101011010001111100110110111010110110111011011010111011011001111100010110101100
92,Medium    ,157243968863951247429876351578162493291437586346589712914728635682395174735614829,010001111001110011100101110111010011011111110110010111011101001110011100111100010
93,Medium    ,169237845573498261842165397794852136651943782238716954425379618317684529986521473,111111100101101010011011001011010011100111001110010110100110110010101101001111111
94,Medium    ,165938724937426518428517369352169847649785231871342956283694175796251483514873692,010101101100111111001110011011010011001111100110010110110011100111111001101101010
95,Medium    ,352961487971548362468723519895136724624897153713452896286375941147289635539614278,110011100111100001101101010110010111101111101111010011010101101100001111001110011
96,Medium    ,536947218247816935819325674964738521351294867782651349193572486428169753675483192,111100010110011100011101001110010111011111110111010011100101110001110011010001111
97,Medium    ,481567923726493581395218647247351869169842735538679214812735496653924178974186352,111111001110101100101011010101010110010111010011010101010110101001101011100111111
98,Medium    ,829513746134867952657429138745981263261345897398672415986254371472136589513798624,101011010111111100011101001101010011010111010110010101100101110001111111010110101
99,Medium    ,684973512713652489259184376946315728875296143321847965497528631562431897138769254,101101010011011001111111100011010011100111001110010110001111111100110110010101101
100,Hard      ,921638745735942681648715923276893514853461279419527836392186457584379162167254398,101011010111111101011011110110101101100111001101101011011110110101111111010110101
101,Medium    ,238917465547386192691542738185473926379265841462891573816739254954628317723154689,010111111001101011100110110101010110100111001011010101011011001110101100111111010
102,Medium    ,498652317756319284213487695145896732639724851872531946521963478967148523384275169,010101101001111111100110110110010110100111001011010011011011001111111100101101010
103,Hard      ,324817659561239874879564321932178465415623798687495132196382547748956213253741986,011100101110111010111001110010111111111010111111111010011100111010111011101001110
104,Hard      ,489321675351796284267845319918432567542167893736589421674958132893214756125673948,100111011101100111011001101111111001111010111100111111101100110111001101110111001
105,Hard      ,637421859582369417419587632963214785725836194841795263298643571174958326356172948,011100101110111010111001110010111111111010111111111010011100111010111011101001110
106,Hard      ,791653284638124759425897316987365142163249875254718963876432591542971638319586427,011001011100111101110100111111111001111010111100111111111001011101111001110100110
107,Hard      ,612385749487692153395741826569814372831267594274539618748956231153428967926173485,111111110101011101011011001110101110010111010011101011100110110101110101011111111
108,Hard      ,238751649549836271671429853795263418426178935813945726157684392382597164964312587,011011110101011010111111101110101101100111001101101011101111111010110101011110110
109,Medium    ,598362417274915863361847592719528346623194758845736129156283974437659281982471635,011011001101101010111111100011010011100111001110010110001111111010101101100110110
110,Hard      ,618937542234865179957214863493156287125798436786423951379582614861349725542671398,101011101011011001111111110110101110010111010011101011011111111100110110101110101
111,Hard      ,691372485824651379357489162948516723235748916716293854162937548483125697579864231,111001110011100011101111100001111111111010111111111100001111101110001110011100111
112,Hard      ,352497861741628593869351742984215376126743958573869124235984617497136285618572439,110011011111111101101011010011101101001111100101101110010110101101111111110110011
113,Hard      ,567894123842351769139276584284517936691483275753962418315629847976148352428735691,111001101011111100101100011001111111111010111111111100110001101001111110101100111
114,Hard      ,124675893379841256685293714418567329256934187937128645793412568861359472542786931,011001101101100111100111011111111001111010111100111111110111001111001101101100110
115,Hard      ,659471238478392651231586794963817425185234976724659183392145867516728349847963512,101011010110011011111111101011101101001111100101101110101111111110110011010110101
116,Hard      ,785324196216589473934167528598243617172658934463791852629835741347916285851472369,101100011011111100111001101001111111111010111111111100101100111001111110110001101
117,Hard      ,824561793563974821791832654479328165135697248682145379957213486218456937346789512,111001110110111010011100101010111111111010111111111010101001110010111011011100111
118,Hard      ,394215687617984325825637914136859472572341869489726531761493258958162743243578196,101111111010110101011110110101101011100111001110101101011011110101011010111111101
119,Hard      ,653192487817643592249578136785364219136927854924815673568239741371456928492781365,100111011011001101101100111111111001111010111100111111111001101101100110110111001
120,Hard      ,794321856385964712216578934853642197471859623962713548538296471127485369649137285,101100110110111001111001101100111111111010111111111001101100111100111011011001101
121,Hard      ,528673914947215386163489752432968175895741263671532849214357698386194527759826431,111111011101011101110011100011101011010111010110101110001110011101110101110111111
122,Hard      ,785392641149567328362841795578924163621753984934618572293186457857439216416275839,110111010111001110011100101010111111111010111111111010101001110011100111010111011
123,Hard      ,542873961376159284819462753934785126167324598285691437623547819751938642498216375,001110011110111111101110101110101110010111010011101011101011101111111011110011100
124,Hard      ,785369142461728539392451876173842695829576314546913287958234761637195428214687953,011011110110011100111111011101101011100111001110101101110111111001110011011110110
125,Hard      ,871594326396728451452613897619247538534189762728356914963871245247965183185432679,101111111010110101110110011101101110001111100011101101110011011101011010111111101
126,Hard      ,237145968659278143481639275514396782823714596796852431142983657375461829968527314,101111100111001110011100011001111111111010111111111100110001110011100111001111101
127,Hard      ,239468517874591632561732894487913265612845973953627481195276348326184759748359126,111001110110111010011100101010111111111010111111111010101001110010111011011100111
128,Hard      ,297468351631957428845321976983142765712635849564789132359876214428513697176294583,111111110101011101011011001110101110010111010011101011100110110101110101011111111
129,Hard      ,975238461482691357613547298369485172821973645754126983548362719136759824297814536,110111111011110110001110011110101101100111001101101011110011100011011110111111011
130,Hard      ,935871426278634915461925873824763591317459268596182347682347159143596782759218634,101001011010111110110100111111111010111010111010111111111001011011111010110100101
131,Hard      ,745698132368127594912543876534986217179254368826731459687312945293465781451879623,101100011111001101011111100001111111111010111111111100001111110101100111110001101
132,Hard      ,275864931316759248498321576742586319659413827183972465827645193531297684964138752,001111110110001101101100111111111100111010111001111111111001101101100011011111100
133,Hard      ,243597681517684932896213475721948563954326718368751249475839126689172354132465897,111111110011011001101011101110101110010111010011101011101110101100110110011111111
134,Hard      ,859467312436152789271983564647521938593846127128379456785614293964235871312798645,101111001110100110111001011100111111111010111111111001110100111011001011100111101
135,Hard      ,865921734432675189179438625524367891387519462691842357913284576758196243246753918,011100111010111011101001110111111010111010111010111111011100101110111010111001110
136,Hard      ,672814359498375126513629847185792463937486215264531798726158934841963572359247681,101011101111111011110011100011101011010111010110101110001110011110111111101110101
137,Hard      ,128639457346725981795148632872493165419576823563812794257961348981354276634287519,011011001101011101111111110110101110010111010011101011011111111101110101100110110
138,Hard      ,298531746375649182614872935469728513751364829823195674546217398182953467937486251,111001011101111001110100110100111111111010111111111001011001011100111101110100111
139,Hard      ,543781962716392854289465173435819627621547389897623541354978216178236495962154738,101111100011100011111001110001111111111010111111111100011100111110001110001111101
140,Hard      ,183756429645932817297148536972485361368291745451367298536829174729514683814673952,011100011111001110101111100001111111111010111111111100001111101011100111110001110
141,Hard      ,427195368839624571156738492264519783715382649398476215983247156641853927572961834,011001011110100111100111101111111001111010111100111111101111001111001011110100110
142,Hard      ,341785629869421735725639841287316954154892376936547182613274598498153267572968413,011110110101111111010110101101101011100111001110101101101011010111111101011011110
143,Hard      ,342619875967835241815247936239461587174958362586723194458372619623194758791586423,010111110110100111101001011111111010111010111010111111110100101111001011011111010
144,Hard      ,378645192214793568569218374957481236846372915132569847421957683685134729793826451,111111101110011011101011010011101101001111100101101110010110101110110011101111111
145,Hard      ,485932176613875249792416538569147823831629754247358961954283617178564392326791485,101110101110111111001110011110101110010111010011101011110011100111111011101011101
146,Hard      ,342891567758643129196725483981572634675439812423168975569287341234916758817354296,110100111100111101011001011111111001111010111100111111110100110101111001111001011
147,Hard      ,527416398834295671916378245268147953193652487745983162371864529659721834482539716,100110110101110101011111111011101011010111010110101110111111110101011101011011001
148,Hard      ,914238765682795314357146298235964871769821453148573926491352687823617549576489132,011011110111111011110011100101101011100111001110101101001110011110111111011110110
149,Hard      ,782641593561983742493752681857436129329518476146297358278165934915324867634879215,010110101101111111011110110101101011100111001110101101011011110111111101101011010
150,Hard      ,275934168381765294694182375746328951932571486158496732813647529429853617567219843,111111101011011110101011010110101101100111001101101011010110101011110110101111111
151,Hard      ,538241769764958213219736854871594326352867941946312578683475192197623485425189637,101111111010110101011110110101101011100111001110101101011011110101011010111111101
152,Evil      ,271839654965247831834516927453982716129674385786153492517498263392761548648325179,110001111000111111111101011011111101110010011101111110110101111111111000111100011
153,Evil      ,349682157512437689876591423783956241264813795195724836631249578457368912928175364,011011111011110111001101011101101111100111001111101101110101100111011110111110110
154,Evil      ,376815294528439671419762538981527463653184729247396815865973142794251386132648957,111111000110101111111100011011111101110010011101111110110001111111101011000111111
155,Evil      ,136285794984617325752394186493851672261473859875962413329148567617539248548726931,001101011101011111101110111011101111010111010111101110111011101111110101110101100
156,Evil      ,213965874894371265675482931569718423348529716721643589482196357157234698936857142,101110111001101011101011111011101111010111010111101110111110101110101100111011101
157,Evil      ,312469857985371462467528931756943128239817645148256793521794386693182574874635219,110001111000111111111101011011111101110010011101111110110101111111111000111100011
158,Evil      ,523486197879321564614579238795862341342915876186734952457298613231657489968143725,001101011011011111011110111101101111100111001111101101111011110111110110110101100
159,Evil      ,529631487671948352843527619984312765265879143137456298752194836496283571318765924,100101110110110111110011111101101111001111100111101101111110011111011011011101001
160,Evil      ,843917256597236148216584739781452963459763821632891574375149682924678315168325497,111101110000111111011001111101111011011010110110111101111100110111111000011101111
161,Evil      ,798123456235684179416957382569431827327869514184275693942318765873596241651742938,111100101111111000101101111011111011101010101110111110111101101000111111101001111
162,Evil      ,628357491451689372937421865283964517594712683176538924849175236762843159315296748,111101101101001111000111111011111011101010101110111110111111000111100101101101111
163,Evil      ,184295736362471859975683124746352981519864273238917465851746392493528617627139548,111100011110101111111111000011111101110010011101111110000111111111101011110001111
164,Evil      ,634782519789541362521936478963418257857629134142375896395864721416257983278193645,110011111100101110110110111101101111001111100111101101111011011011101001111110011
165,Evil      ,254389176196574823738126549871935264925647318643218957412793685589462731367851492,011001111000111111111101110101111011011010110110111101011101111111111000111100110
166,Evil      ,143658792276391584985742163452863917768219435391574826514936278837125649629487351,110001111000111111111101011101111110110010011011111101110101111111111000111100011
167,Evil      ,943652817857193426261748539476231958389567142125984763792315684614829375538476291,111111000111100011110101111011111101110010011101111110111101011110001111000111111
168,Evil      ,594781236763294518821356479312465897657839142489127653976512384148673925235948761,111011110111110110110101100111101101100111001101101111001101011011011111011110111
169,Evil      ,871536492465912873923874651157489236394621785286357149618795324749263518532148967,111101011000111111110001111011111101110010011101111110111100011111111000110101111
170,Evil      ,897432516254167389631958274963714825475823961182596437529371648318649752746285193,000111111101001111111101101110111110101010101011111011101101111111100101111111000
171,Evil      ,649831527735624189218957643524798361967413258381562794493276815152389476876145932,000111111111101011110001111011111101110010011101111110111100011110101111111111000
172,Evil      ,217369584394185267568274931185697342723541896946823175472918653831756429659432718,100101110101110111101011111110101111010111010111101011111110101111011101011101001
173,Evil      ,698457231537126489421839567749583126382641975156972348265794813874315692913268754,111110101111011101011101001111101011010111010110101111100101110101110111101011111
174,Evil      ,873946152245781963916523874328497516157862439694315287539278641481639725762154398,010101101011011111011110111110101111100111001111101011111011110111110110101101010
175,Evil      ,527189463684237159139645278842561397351798642976324581768412935293856714415973826,000111111111101101101001111011111011101010101110111110111100101101101111111111000
176,Evil      ,874329615163578294952146738591864372346217589728953146637495821289631457415782963,111011011111110011011101001111101101001111100101101111100101110110011111110110111
177,Evil      ,578629341913745628624318597192473856386152974457986132841597263235864719769231485,101110111001101011101011111011101111010111010111101110111110101110101100111011101
178,Evil      ,351782964492561387687493521829654713734918652516237849963125478148376295275849136,101110111100101110101011111110101111010111010111101011111110101011101001111011101
179,Evil      ,274953681569841273813762945428139567651487329937625418792314856346578192185296734,111100110111111000011101111101111011011010110110111101111101110000111111011001111
180,Evil      ,854613279639752418127948635413897562968325147572461893395186724786234951241579386,111101011000111111110001111011111101110010011101111110111100011111111000110101111
181,Evil      ,875143926432986175196257384923768541618495732754321869347619258561832497289574613,111011110101101010111110110111101011100111001110101111011011111010101101011110111
182,Evil      ,138749526245316789769582431472963815891475263356821947523694178917238654684157392,111111000111100110011101111110111101011010110101111011111101110011001111000111111
183,Evil      ,958643172764192583132578496471365928395287614286914357543829761819736245627451839,011001111111101110000111111101111011011010110110111101111111000011101111111100110
184,Hard      ,613485972954672813287391654142769538378254196596813247739126485461538729825947361,110110011010110101101111111101101110001111100011101101111111101101011010110011011
185,Evil      ,345127968267893154918564327721649835589731642634285791476358219893412576152976483,101110111101011111001101011011101111010111010111101110110101100111110101111011101
186,Evil      ,784362159961458732532917846425879361816543927379621485148296573657134298293785614,110101111111111000111100011101111110110010011011111101110001111000111111111101011
187,Evil      ,435621897861497253972358641714962538256843719389175426647239185123586974598714362,011101001111110011111011011111101101001111100101101111110110111110011111100101110
188,Evil      ,768345219423169578591278463872694351134852697659731842217486935986513724345927186,101011111001101011101110111011101111010111010111101110111011101110101100111110101
189,Evil      ,689372145132845967547619328491583672856927413723461859214738596978156234365294781,000111111101001111111101101011111011101010101110111110101101111111100101111111000
190,Evil      ,418573296359612784276849135541986327697321548832754619183465972964237851725198463,111101101000111111101001111110111110101010101011111011111100101111111000101101111
191,Evil      ,342817956169532487578469123824971365715386294936245718293758641481693572657124839,110101100111011110111110110111101101100111001101101111011011111011110111001101011
192,Evil      ,876492531291385764345716892958247316423561987167938425732659148689174253514823679,101001111111101101000111111011111011101010101110111110111111000101101111111100101
193,Evil      ,568297341271463895349851627932718564657924138814635972725386419483179256196542783,111111000011101111111100110101111011011010110110111101011001111111101110000111111
194,Evil      ,426735891871294563359168742912857634534612978768349125645921387283576419197483256,111100101101101111111111000011111011101010101110111110000111111111101101101001111
195,Evil      ,638975214149628753572143689957284361461539872823716495314897526285361947796452138,110110111100101110110011111101101111001111100111101101111110011011101001111011011
196,Evil      ,928465731761823945354971268195746823642398517873512694586234179419687352237159486,011101001111011101111110101111101011010111010110101111101011111101110111100101110
197,Evil      ,367921584452783619198645327279356841541879263683412795726134958815297436934568172,101101111111111000111100101011111011101010101110111110101001111000111111111101101
198,Evil      ,489271365352468197167359842821746953546923718973815426214637589795182634638594271,111110101110101100111011101111101110010111010011101111101110111001101011101011111
199,Evil      ,259674381638912547174835629746123895893456172512789463385267914421598736967341258,011110111001101011011011111101101111100111001111101101111110110110101100111011110
200,Evil      ,275961384361248957498537126589173462732456819146892735627389541953614278814725693,111110110111011110110101100111101101100111001101101111001101011011110111011011111
201,Evil      ,349716582678325491152498637235169748497583216861247359984632175723951864516874923,010101101011110111011011111110101111100111001111101011111110110111011110101101010
202,Evil      ,854263179193745268627981543715498326968372415432156987346517892281639754579824631,111011110111110110110101100111101101100111001101101111001101011011011111011110111
1002,Easy      ,735819642142576893896423715317254968264981357958637124629748531471395286583162479,111101110110010001101010100101111100110010011001111101001010101100010011011101111
1003,Easy      ,587316942346592187129874536461938725792145863853267491914723658638451279275689314,001010110110101111100010101100111101011010110101111001101010001111101011011010100
1004,Easy      ,638917524514263897297845631789356412452179386361428759876592143125734968943681275,011101111001010101100010011001111101110010011101111100110010001101010100111101110
1005,Easy      ,748956123531782694926413587495268731863175249172394865259641378687539412314827956,011101110100011111010010011010101010101111101010101010110010010111110001011101110
1006,Easy      ,284517963619283457537469281362978514795341826148652379953726148826134795471895632,011010010111101101110010001110111001011010110100111011100010011101101111010010110
1007,Easy      ,864295317913476258527138469685347921439621785172589643256713894348952176791864532,011101110100011111010010011010101010101111101010101010110010010111110001011101110
1008,Easy      ,937214568152678349846593217765481932381927654429365781674859123593142876218736495,001011111110101011010010110010101010101111101010101010011010010110101011111110100
1009,Easy      ,278951643916437258543826917752384169364195782189672534425718396631249875897563421,111101110101010100110010001101111100110010011001111101100010011001010101011101111
1010,Easy      ,951382476678549132234167598497826315815793264326415789142678953569231847783954621,111110100110101011011010010010101010101111101010101010010010110110101011001011111
1011,Easy      ,491576823782394165536128974165489237823765491947231658619853742378642519254917386,101101111001010110010010011001111110110010011011111100110010010011010100111101101
1012,Easy      ,641972583932185476758346129129654837583729641467831295375268914214593768896417352,101101111010010011001010110001111110110010011011111100011010100110010010111101101
1013,Easy      ,187924635354167982629538714436259871298716543715843269963475128541682397872391456,110010010111101110101010001110111010101010101010111011100010101011101111010010011
1014,Easy      ,312467895978531624546829317461385279795216438823794561289153746657942183134678952,110010001111110010101101101100101001011111110100101001101101101010011111100010011
1015,Easy      ,859243716731685429426197538973812654584936172162574983645728391217369845398451267,001010101011101111100010011001111101110010011101111100110010001111101110101010100
1016,Easy      ,875241693236598741419736582582613974741985236963472158197864325654329817328157469,010010110101101111100010011100111011011010110110111001110010001111101101011010010
1017,Easy      ,519648237637129485824375961162597348978432516345816729793281654486753192251964873,100010011101101101010011111100101001011111110100101001111110010101101101110010001
1018,Easy      ,315724986286139547794568123831675492549283761627941835953412678168397254472856319,101101101011010100111110010001101100110111011001101100010011111001010110101101101
1019,Easy      ,482769315715234869936518427568941732294873651173625948651387294347192586829456173,011010100110010010111101101011111100110010011001111110101101111010010011001010110
1020,Easy      ,945821367621793548837564129193642875768135294254987631516379482372458916489216753,101010100011101110111110001001101100110111011001101100100011111011101110001010101
1021,Easy      ,743528619829716354156394782435681927278943561691275843362159478987462135514837296,100010101010010011011101111010111011101010101110111010111101110110010010101010001
1022,Easy      ,326714958875392146914658273732845619461923587598167324649281735183579462257436891,001010101110101111010010110010111110101010101011111010011010010111101011101010100
1023,Easy      ,862415379947836521315792648579184263426359187183267954751928436638541792294673815,111110100110101011011010010010101010101111101010101010010010110110101011001011111
1024,Easy      ,627398451183754296459621873891536724542917368736482915915243687368179542274865139,010010011101101111001010110001111110110010011011111100011010100111101101110010010
1025,Easy      ,491638752873259416652174938239845671184967325567312849746581293325796184918423567,011010100111101101110010010011111100110010011001111110010010011101101111001010110
1026,Easy      ,621745938345981672789632145132469587854317296967528413578294361413856729296173854,101101111100010011010010110100111011011010110110111001011010010110010001111101101
1027,Easy      ,239756481157834926486129357795281634614395278823647519561473892348912765972568143,101010001110101011111110100100101001011111110100101001001011111110101011100010101
1028,Easy      ,361472985825931476479865132234157869518296743697384251956718324182543697743629518,111101101110010001011010010110111001011010110100111011010010110100010011101101111
1029,Easy      ,934825716568971423712346859341789265659214378827653941173468592496532187285197634,101101101111110010110010001100101001011111110100101001100010011010011111101101101
1030,Easy      ,439821675817563924526974831341697258692485713758132469963218547184756392275349186,101101101100010011010011111100101001011111110100101001111110010110010001101101101
1031,Easy      ,529486713187593264346271895638745921791832546254169387465328179873914652912657438,001010101010010110110101111010111110101010101011111010111101011011010010101010100
1032,Easy      ,421356987367298514598714623236481795879563142154972368785649231612837459943125876,110101111001010101010010110010111110101010101011111010011010010101010100111101011
1033,Easy      ,651983724827145936394276158563714892178592463249368517935427681716839245482651379,011101110100011111010010011010101010101111101010101010110010010111110001011101110
1034,Easy      ,317489562825376941469152873148697325792538614536241798684915237973824156251763489,011101110100011111010010011010101010101111101010101010110010010111110001011101110
1035,Easy      ,972348615146975823538612497724196538615834972389527164851763249467289351293451786,111101101011010010110010001110111001011010110100111011100010011010010110101101111
1036,Easy      ,251398647978645321643271895596814273182537469734926518317482956469753182825169734,110010001111101101011010010110111001011010110100111011010010110101101111100010011
1037,Easy      ,579342681132568479846791253354129768298674135761835942927483516413256897685917324,101101101100010011010011111100101001011111110100101001111110010110010001101101101
1038,Easy      ,743985261196724853285361497974156382538247619621839745352418976817692534469573128,001010101110101111010010110010111110101010101011111010011010010111101011101010100
1039,Easy      ,498315672136247598257689341913826754675491283842573916561734829724968135389152467,011010100101101101111110010001101100110111011001101100010011111101101101001010110
1040,Easy      ,329478651416953782785162934168794523234586179957231468871629345593847216642315897,111110010101101101110010001100101001011111110100101001100010011101101101010011111
1041,Easy      ,435928671286731495971654283167842539549317862823596147612479358758263914394185726,001010101011101111100010011001111101110010011101111100110010001111101110101010100
1042,Easy      ,325981467614527389897634512783295146251463978469178235976312854142856793538749621,101010001110010010111101110110111010101010101010111011011101111010010011100010101
1043,Easy      ,719364258842751693356298741481629537625873914937145862264517389593482176178936425,100010011101101101010011111100101001011111110100101001111110010101101101110010001
1044,Easy      ,956234187374185296182976435531468972649527813728391564267849351813752649495613728,110010001111101101011010010110111001011010110100111011010010110101101111100010011
1045,Easy      ,593487621871269534624315798159832476786194352342756189467528913918673245235941867,011101111001010101100010011001111101110010011101111100110010001101010100111101110
1046,Easy      ,927854361461293875835176924573982146249617583186435297318749652694521738752368419,011010100101010001111101011101111001011010110100111101110101111100010101001010110
1047,Easy      ,458621793631897524279354816816475932793216458542938167327149685185763249964582371,101101111010010011001010110001111110110010011011111100011010100110010010111101101
1048,Easy      ,718564239542839761936721845129643578867915423453287916371458692284396157695172384,111110100101010001110101011100101001011111110100101001110101011100010101001011111
1049,Easy      ,798123654361754829542698137137849265654231798289567413426385971973416582815972346,101101111010010110100010011100111011011010110110111001110010001011010010111101101
1050,Medium    ,184973562736125498295684731569417823827369145341258679412896357658732914973541286,101011010111111100011101001101010011010111010110010101100101110001111111010110101
1051,Easy      ,752486139641293758983571426824167395376958241195342687567834912418629573239715864,101101101001010110010011111001101100110111011001101100111110010011010100101101101
1052,Medium    ,267854193349621785158973426512769348694138257783245961821597634935416872476382519,100001111001101011010110101111010101110111011101010111101011010110101100111100001
1053,Medium    ,469832751381675942257419863573264189824391675196758324612947538745183296938526417,100111111010110101001101011011010101010111010101010110110101100101011010111111001
1054,Medium    ,163279584284365917795814362819452673356187249472936851937648125528791436641523798,111111001110011100101101010110010110001111100011010011010101101001110011100111111
1055,Medium    ,832796451194285637756341829479162385213859746568473192627534918945618273381927564,100101110001001111010110101111010101011111110101010111101011010111100100011101001
1056,Medium    ,465398172921746538873215964146573829352189647789462351218657493634921785597834216,100101110010110101001111111110010101010111010101010011111111100101011010011101001
1057,Medium    ,685249371124378596793561824267413985531982467948756132319624758452897613876135249,010110101100101110001111111110010101010111010101010011111111100011101001101011010
1058,Medium    ,594127863318694275276538419861452937932761548745389621689273154453916782127845396,101011010011101001111111100101010011010111010110010101001111111100101110010110101
1059,Medium    ,218764539736519842945328176152897463387641925694253718579432681863175294421986357,100001111001101011010110101111010101110111011101010111101011010110101100111100001
1060,Medium    ,257819436691734852384625791578963214132487965469251387815342679743596128926178543,011101001110011100111111010110010101001111100101010011010111111001110011100101110
1061,Medium    ,198325476372461895564897123936274581487513269251689734745932618823156947619748352,100110110010101101001111111110010110100111001011010011111111100101101010011011001
1062,Medium    ,815793624746251938293684751621438579958167342437529816362845197574916283189372465,011101001111100100101011010101010111011111110111010101010110101001001111100101110
1063,Medium    ,186354297753962814492781356847193562529678143631425789214839675975216438368547921,011011001110101100111100010011010111110111011111010110010001111001101011100110110
1064,Medium    ,241978356378651942659432187917846235425397618863125479594283761736519824182764593,111100010110011100011101001110010111011111110111010011100101110001110011010001111
1065,Medium    ,294137568863549712715862439931725846628314975547986321152493687376258194489671253,101101010111111100011011001011010011100111001110010110100110110001111111010101101
1066,Medium    ,612857493457396218839241756245713689783964125196528374978432561564179832321685947,100110110010001111001101011111010110110111011011010111110101100111100010011011001
1067,Medium    ,382459176745613982619827543526198437894376215173245698461732859257984361938561724,010111111100110110001101011101010110100111001011010101110101100011011001111111010
1068,Medium    ,543269781219478563768135492824956137637821945195743826386514279971382654452697318,110011100111100001101101010110010111101111101111010011010101101100001111001110011
1069,Medium    ,463819752927645381185723469741296538896357124352481697514968273278534916639172845,010111111100101110001110011101010011001111100110010101110011100011101001111111010
1070,Medium    ,124693578376285491958147623287561934643928715591734862819472356735816249462359187,011101001111100100101011010101010111011111110111010101010110101001001111100101110
1071,Medium    ,145389672926547183378621549432876951657913824891254736583192467769438215214765398,100110110001111111010101101110010110100111001011010011101101010111111100011011001
1072,Medium    ,639287145587134296142965783768521934915643827324879561496752318253418679871396452,001110011010101101100111111011010011001111100110010110111111001101101010110011100
1073,Medium    ,851634927693827451724195368237481596416359782589276134948512673172963845365748219,001111111100110110010101101110010110100111001011010011101101010011011001111111100
1074,Medium    ,479238165518769234632451879761984352283675491954123786396842517125397648847516923,110011100101101010111111001110010110001111100011010011100111111010101101001110011
1075,Medium    ,685139742132745896497682531873496215916527384254813679741258963328961457569374128,100111111001110011010101101011010011001111100110010110101101010110011100111111001
1076,Medium    ,352681794697542813184793256836157942925468137471329685748936521569214378213875469,111100010110101100011011001011010111110111011111010110100110110001101011010001111
1077,Medium    ,184576239652931478937248651875612943319754862246893715763129584521487396498365127,101101010011011001111111100011010011100111001110010110001111111100110110010101101
1078,Medium    ,958217436734689125621453987867942513143568792592731864416395278379824651285176349,011011001111100100101101010011010111101111101111010110010101101001001111100110110
1079,Medium    ,487319562153276948962485713518742639249563871376891254621954387835127496794638125,010001111100110110001101011111010110110111011011010111110101100011011001111100010
1080,Medium    ,637541982219387546548692713924163875153478629786925431392854167861739254475216398,010111111001101011100110110101010110100111001011010101011011001110101100111111010
1081,Medium    ,281793546346815927795462183167954832458327691923681754879236415534179268612548379,100110110010111111001101011101010110100111001011010101110101100111111010011011001
1082,Medium    ,657391824329854716418267539586743192273915468941682357834126975792538641165479283,100001111001101011010110101111010101110111011101010111101011010110101100111100001
1083,Medium    ,643872519572419836918536247895647123731258694426193785164385972359721468287964351,110011100111111001101101010110010110001111100011010011010101101100111111001110011
1084,Medium    ,954631287718592463236847195329458716581276934467913852692384571873125649145769328,100001111001101011010110101111010101110111011101010111101011010110101100111100001
1085,Medium    ,619725438534819627872463915461937582987256341325148796298674153743581269156392874,010001111100110110001101011111010110110111011011010111110101100011011001111100010
1086,Medium    ,182473596643592871795618243478326915529741638316859427937265184264187359851934762,101101010110011100111111001110010110001111100011010011100111111001110011010101101
1087,Medium    ,129863574473529168865714392532978416746152839981346725657491283394287651218635947,110011100111100010011101001110010111011111110111010011100101110010001111001110011
1088,Medium    ,714562893956387214382149657643821579125793486897456321538974162469215738271638945,010111111100110110001101011101010110100111001011010101110101100011011001111111010
1089,Medium    ,649872531182539476735164982874291365593786124261453897327915648918647253456328719,101101010110011100111111001110010110001111100011010011100111111001110011010101101
1090,Medium    ,247365981135298746896741532912837465453629817678154293769412358581973624324586179,110101100111100010011011001011010111110111011111010110100110110010001111001101011
1091,Medium    ,817329456294165783356487192941538267682714539735296814478953621523641978169872345,111111010011101001110011100110010101001111100101010011001110011100101110010111111
1092,Medium    ,134596287879412365265873914317985642582364791496721538651238479928647153743159826,100110110010001111001101011111010110110111011011010111110101100111100010011011001
1093,Medium    ,395816472264957813178423695921538764483769521756142389837295146612384957549671238,100101110010110101001111111110010101010111010101010011111111100101011010011101001
1094,Medium    ,857396421614752893329418756531924678472683915968175234793861542246539187185247369,100110110001111111010101101110010110100111001011010011101101010111111100011011001
1095,Medium    ,435798162869412735217653948648275391591346827723981654356827419972164583184539276,111111001110101100101011010101010110010111010011010101010110101001101011100111111
1096,Medium    ,123564798647918352859237146364759821972381465581642973238475619715896234496123587,010110101100101110001111111110010101010111010101010011111111100011101001101011010
1097,Medium    ,867915324145362987293478165438256719716839542529741638972183456354627891681594273,101101010011011001111100100011010111101111101111010110001001111100110110010101101
1098,Medium    ,719562348842317569653894217198745632537629184264183975376958421485231796921476853,010001111001110011100101110111010011011111110110010111011101001110011100111100010
1099,Medium    ,497651328831492657526837194369528741248176935715349862654713289182965473973284516,001110011100111111010101101011010011001111100110010110101101010111111001110011100
1100,Hard      ,985672341136849257472351869821765493743298615569413728357126984294587136618934572,100110110101110101011111111011101011010111010110101110111111110101011101011011001
1101,Hard      ,925468713736152948481397526148975632267843159593621874652784391379216485814539267,111001101101100011011111100001111111111010111111111100001111110110001101101100111
1102,Hard      ,712648935459137286863529741196753428378214659524896317287365194641982573935471862,101011101110011100111111011011101011010111010110101110110111111001110011101110101
1103,Hard      ,681792534273451896549683712836927145914568273752134968127345689395876421468219357,101100110111001101110111001100111111111010111111111001100111011101100111011001101
1104,Hard      ,387945126529671384164823579942736851853412697671589243418357962736298415295164738,110110011010110101101111111101101110001111100011101101111111101101011010110011011
1105,Hard      ,172658934863914725594732618789461253241593867356287491618349572937825146425176389,111111110011011001101011101110101110010111010011101011101110101100110110011111111
1106,Hard      ,132648579987152643456937821293584167518796234764213985821475396379861452645329718,011011001111111110101011101110101110010111010011101011101110101011111111100110110
1107,Hard      ,357248916869517234124963785936175428281496357745832691578324169692781543413659872,111001101101100011011111100001111111111010111111111100001111110110001101101100111
1108,Hard      ,421957863876132495593846217369584721754621938182793546647218359938465172215379684,011001101101100111100111011111111001111010111100111111110111001111001101101100110
1109,Hard      ,923456817751832946684197523162385794349271685578964231297513468816749352435628179,011111111100110110110110011011101101001111100101101110110011011011011001111111110
1110,Hard      ,198623745423785961576941382935268417247319658861457239314892576782536194659174823,100110110011111111101110101011101011010111010110101110101011101111111110011011001
1111,Hard      ,473921856156783942829546173534812769781659324962374581317268495645197238298435617,101011010111111101011011110110101101100111001101101011011110110101111111010110101
1112,Hard      ,673481592584962173192753468936518724751294386428376951269147835317825649845639217,101011010011011110111111101110101101100111001101101011101111111011110110010110101
1113,Hard      ,321489765475162938689375142537216894214897653968543217153928476742631589896754321,001111101110001110011100111111111100111010111001111111111001110011100011101111100
1114,Hard      ,341568792796342851852917463675124389219853647483796215568239174134675928927481536,110011011101011010111111101011101101001111100101101110101111111010110101110110011
1115,Hard      ,763158942418972653952643718579486321821735496346219875684591237295367184137824569,101111111011110110010110101101101011100111001110101101101011010011011110111111101
1116,Hard      ,546198327283567194971243568819432675754619832632785941195374286468921753327856419,101111100111001110011100011001111111111010111111111100110001110011100111001111101
1117,Hard      ,473695218826174539591832764965283147182749653734516982219368475347951826658427391,110100111100111101011001011111111001111010111100111111110100110101111001111001011
1118,Hard      ,573692814261854379894371256352769481917248563486135927748513692635927148129486735,010111110110100111101001011111111010111010111010111111110100101111001011011111010
1119,Hard      ,218364759345987216976125483763852194859431672421796538182673945634519827597248361,110011011111111110011011001101101110001111100011101101100110110011111111110110011
1120,Hard      ,472593186698124735513786942241359678735862419869471523986247351154638297327915864,011001101101100111100111011111111001111010111100111111110111001111001101101100110
1121,Hard      ,147368952962754183853219647324876519698531724715942368476183295589627431231495876,101011010111111101110011011011101101001111100101101110110110011101111111010110101
1122,Hard      ,637529841821347659459861327268493715915672483743158962182736594394285176576914238,101111111010110101011110110101101011100111001110101101011011110101011010111111101
1123,Hard      ,293784561548261793716953248162395487379846152485172936637529814921438675854617329,010111011011100111101001110111111010111010111010111111011100101111001110110111010
1124,Hard      ,942816753751932846836745921589273614263491587417658239624387195198564372375129468,011011110101011010111111101110101101100111001101101011101111111010110101011110110
1125,Hard      ,841356279639742851275198643194523786782964315356871492418639527967285134523417968,010110101101111111110110011101101110001111100011101101110011011111111101101011010
1126,Hard      ,485769132369142578721385649976214853213856497548937216854693721632471985197528364,011100111110001110001111101111111100111010111001111111101111100011100011111001110
1127,Hard      ,451382976869517342723946851386471295974235168512698437238759614145863729697124583,011011110110011100111111011101101011100111001110101101110111111001110011011110110
1128,Hard      ,891635724654217983237849165786924351945183672123576498368751249519462837472398516,011011110111111011110011100101101011100111001110101101001110011110111111011110110
1129,Hard      ,475192386819346527263587419347829651528631974196754832634215798752968143981473265,110011100011011110111111011101101011100111001110101101110111111011110110001110011
1130,Hard      ,821943765395627148674518239953271486487396521216485397762854913148739652539162874,111001110101111100011100011001111111111010111111111100110001110001111101011100111
1131,Hard      ,983571642542368971167294583431759826276183495895642137729415368618937254354826719,010110101110110011101111111101101110001111100011101101111111101110011011101011010
1132,Hard      ,283617459794853621561492378429538167675149283318726945837261594946375812152984736,111001101101100011011111100001111111111010111111111100001111110110001101101100111
1133,Hard      ,893156427475239816162784395216843579954617238387592641539461782748925163621378954,111001101101100011011111100001111111111010111111111100001111110110001101101100111
1134,Hard      ,487159326165328749293467158832674591916532874574981263321796485749815632658243917,111001110101111100011100011001111111111010111111111100110001110001111101011100111
1135,Hard      ,793465218268917543541832769836159427425376981917248635682793154159684372374521896,101111111010110101110110011101101110001111100011101101110011011101011010111111101
1136,Hard      ,948327615721856439653914287586491372394275861217638594435189726869742153172563948,100111101110100111011001011111111001111010111100111111110100110111001011101111001
1137,Hard      ,568714293132689754947253168713598426295476831684321579471962385856137942329845617,011011110110011100111111011101101011100111001110101101110111111001110011011110110
1138,Hard      ,732815964914367582586429713421653897895271346367984125149732658653148279278596431,101111111010110101110110011101101110001111100011101101110011011101011010111111101
1139,Hard      ,317654928528793164496182573632819457875246319941537286163475892789321645254968731,110110011011111111100110110011101101001111100101101110011011001111111110110011011
1140,Hard      ,423598761795641823861273549634789215278165394519324678146852937382917456957436182,101011010011011110111111101110101101100111001101101011101111111011110110010110101
1141,Hard      ,124865379693724815758193264472586931581932647369417582936241758847359126215678493,110001110011100111001111101111111100111010111001111111101111100111001110011100011
1142,Hard      ,423659187751284963698317542234591876879426351516873429965738214342165798187942635,101111100111001110011100011001111111111010111111111100110001110011100111001111101
1143,Hard      ,761349258389256417542781693978465321436172985125938764693514872254897136817623549,111111110011011001101011101110101110010111010011101011101110101100110110011111111
1144,Hard      ,849136527352478196716592438581643279263719845974285613438961752627354981195827364,011011001111111110101011101110101110010111010011101011101110101011111111100110110
1145,Hard      ,428179653175623498963854271351762984792348165684915732516237849239486517847591326,101001110010111011011100111111111010111010111010111111111001110110111010011100101
1146,Hard      ,538127964291463785476895321643958172917246853852731496164579238785312649329684517,111001011101111001110100110100111111111010111111111001011001011100111101110100111
1147,Hard      ,437126589952387641816459723791548362325961874648273195174632958583794216269815437,101110101110111111001110011110101110010111010011101011110011100111111011101011101
1148,Evil      ,483675192172948536965132784547891623896523417231467958618254379359786241724319865,111101110011001111000111111101111011011010110110111101111111000111100110011101111
1149,Hard      ,628957314954183627317246589861475932742319856539628741183792465276534198495861273,101011010110011011111111101011101101001111100101101110101111111110110011010110101
1150,Evil      ,176854932532179864984236751367581249291743586845692317628317495759468123413925678,100101110101011111101110111110101111010111010111101011111011101111110101011101001
1151,Evil      ,614857329398621745725394168187562493962483571453179682876235914549718236231946857,111110101110101100111011101111101110010111010011101111101110111001101011101011111
1152,Evil      ,287439651495861723163572948824193567539746812671285439348617295712954386956328174,011101001111110011111011011111101101001111100101101111110110111110011111100101110
1153,Evil      ,962457318781392564534168792293685471145273689678941253826714935319526847457839126,101011111101110111001101011011101111010111010111101110110101100111011101111110101
1154,Evil      ,269783514871495326534612798418376259693521847725948163386259471942137685157864932,110001111111101011000111111101111110110010011011111101111111000110101111111100011
1155,Evil      ,328517964516948372749263518471629835985431726632785491193856247864372159257194683,101110111101011111001101011011101111010111010111101110110101100111110101111011101
1156,Evil      ,654982731238714569719635248592863417163497825487521693841259376926378154375146982,111110101111011101110101100111101110010111010011101111001101011101110111101011111
1157,Evil      ,856214973197563284234987615682359147319478526475126398963741852548692731721835469,111101110011001111000111111101111011011010110110111101111111000111100110011101111
1158,Evil      ,563124789749583216812967435396741528278695143451832967684259371135476892927318654,111100011110101111111111000011111101110010011101111110000111111111101011110001111
1159,Evil      ,352479861896153247417826935631582794728914356945637182579361428264798513183245679,111011011111110011101101010111101110001111100011101111010101101110011111110110111
1160,Evil      ,953286417167453829482791635534918276278364951691527348319672584745839162826145793,011011111011110111001101011101101111100111001111101101110101100111011110111110110
1161,Evil      ,628139754375482169149765832716924583582317946934856271897243615461598327253671498,111111000111100101101101111110111110101010101011111011111101101101001111000111111
1162,Evil      ,493852617658741239127693584936415872875326491241987365769534128314278956582169743,011011111001101011011110111101101111100111001111101101111011110110101100111110110
1163,Evil      ,418935267723864159596172438389421675275689314164753892831547926652398741947216583,101101111111111000111100101011111011101010101110111110101001111000111111111101101
1164,Evil      ,814957623563142789792836145386574912149628357275319864938465271421783596657291438,010101101011011111011110111110101111100111001111101011111011110111110110101101010
1165,Evil      ,856173924279546183143298567795821436481637295362459871627915348534782619918364752,000111111111101101101001111011111011101010101110111110111100101101101111111111000
1166,Evil      ,468321579319765824572849631253198467641237958897654213134586792785912346926473185,111111000011101111111100110101111011011010110110111101011001111111101110000111111
1167,Evil      ,826915347495637182371284965763158429982746513154329876248563791639871254517492638,010101101110110111110011111011101111001111100111101110111110011111011011101101010
1168,Evil      ,412783965657294138893516472925637814348152796761849253134925687286371549579468321,111100011110101111111111000011111101110010011101111110000111111111101011110001111
1169,Evil      ,918736542632854197475921386749612835821593764356478921183247659297365418564189273,111110011111011011011101001111101101001111100101101111100101110110110111110011111
1170,Evil      ,289671453347925168615438927823769541594213876176854239468392715752186394931547682,001101011011011111011110111101101111100111001111101101111011110111110110110101100
1171,Evil      ,756384291419562783328971645682793154534816972971245368163457829295638417847129536,110011111110110111100101110101101111001111100111101101011101001111011011111110011
1172,Evil      ,863245179415789326297163854751398462982476531346512987534927618629851743178634295,111011110110101100111110110111101101100111001101101111011011111001101011011110111
1173,Evil      ,937142568186537924452698713625789431891463275743251896318925647274816359569374182,111011110111110110110101100111101101100111001101101111001101011011011111011110111
1174,Evil      ,416932578753418926982657341675321894194786253238549167569173482841265739327894615,100101110110011111110110111101101111001111100111101101111011011111110011011101001
1175,Evil      ,135649872769382145428175693614523987982716534573894261297461358341958726856237419,101101111111100101111111000110111110101010101011111011000111111101001111111101101
1176,Evil      ,583924167947651283216783594659437812138296745472815639795148326864372951321569478,111111000110101111111100011101111110110010011011111101110001111111101011000111111
1177,Evil      ,396471582421568793758293146917325468234186975685947231162734859543819627879652314,111101101000111111101001111011111011101010101110111110111100101111111000101101111
1178,Evil      ,173986245498512763256437981347128596985764312621395478534871629712659834869243157,011011111010101101011110111110101111100111001111101011111011110101101010111110110
1179,Evil      ,986523714573146982421897536649258173718934265352671498297365841165489327834712659,010101101011110111011011111110101111100111001111101011111110110111011110101101010
1180,Evil      ,789651432543892671621473958976284513254137869138569247492315786817946325365728194,111101110011001111000111111101111011011010110110111101111111000111100110011101111
1181,Evil      ,167543289249816375853279461314682597685397124972154836526931748738465912491728653,111101110011001111000111111101111011011010110110111101111111000111100110011101111
1182,Evil      ,492165387815397246367428159921843675683579421754612893549231768238756914176984532,111101101000111111101001111011111011101010101110111110111100101111111000101101111
1183,Evil      ,795216834382497165641358927463785291258139476917642358829564713176823549534971682,111011011111110011011101001111101101001111100101101111100101110110011111110110111
1184,Evil      ,654397182328514697971286534743951826185632749269478315537129468896743251412865973,111110011011101001111011011111101101001111100101101111110110111100101110110011111
1185,Evil      ,185269347637854912924173856713695284852341769496782135271536498548917623369428571,010101101011011111011110111110101111100111001111101011111011110111110110101101010
1186,Evil      ,241987365739516482658324719195743826426895137387261954913672548572438691864159273,111111000101101111111100101011111011101010101110111110101001111111101101000111111
1187,Evil      ,735961428249837615186254397812745936954623871367189254493518762671492583528376149,111011011111110011011101001111101101001111100101101111100101110110011111110110111
1188,Evil      ,724195863813264975659873241286351497495782316371946528547628139932517684168439752,111100101101101111111111000110111110101010101011111011000111111111101101101001111
1189,Evil      ,764123589892745136153698274386912457421567893579384612237451968618279345945836721,101101010111011011111110011111101110001111100011101111110011111110110111010101101
1190,Evil      ,163879425729541836485326179978264513354918267216753948692135784541687392837492651,101110111101011111001101011011101111010111010111101110110101100111110101111011101
1191,Evil      ,563971482479258136812463795634587921927314568158692347246735819385129674791846253,011011111001101011011110111101101111100111001111101101111011110110101100111110110
1192,Evil      ,851367924426891375937524186219453867548176293673289541165948732792635418384712659,000111111111101101101001111011111011101010101110111110111100101101101111111111000
1193,Evil      ,163497825895362147274185693517849362946213758382756914739624581451938276628571439,011101001111011101111110101111101011010111010110101111101011111101110111100101110
1194,Evil      ,734168952928735146561249738653421897187693524492587613319874265275316489846952371,101011111101110111001101011011101111010111010111101110110101100111011101111110101
1195,Evil      ,678192534213475986594863721167384259439257168825916473782641395346529817951738642,111101101000111111101001111110111110101010101011111011111100101111111000101101111
1196,Evil      ,375842916864139275291765438153928764946317852728654193587293641632471589419586327,111100011111111000110101111101111110110010011011111101111101011000111111110001111
1197,Evil      ,619543278548297163237816954861974325425638719793152486182469537976325841354781692,110011111100101110110110111101101111001111100111101101111011011011101001111110011
